neighbourhood_group,neighbourhood
,Acton
,Adams-Normandie
,Agoura Hills
,Agua Dulce
,Alhambra
,Alondra Park
,Altadena
,Angeles Crest
,Arcadia
,Arleta
,Arlington Heights
,Artesia
,Athens
,Atwater Village
,Avalon
,Avocado Heights
,Azusa
,Baldwin Hills/Crenshaw
,Baldwin Park
,Bel-Air
,Bell
,Bellflower
,Bell Gardens
,Beverly Crest
,Beverly Grove
,Beverly Hills
,Beverlywood
,Boyle Heights
,Bradbury
,Brentwood
,Broadway-Manchester
,Burbank
,Calabasas
,Canoga Park
,Carson
,Carthay
,Castaic
,Castaic Canyons
,Central-Alameda
,Century City
,Cerritos
,Charter Oak
,Chatsworth
,Chatsworth Reservoir
,Chesterfield Square
,Cheviot Hills
,Chinatown
,Citrus
,Claremont
,Commerce
,Compton
,Covina
,Cudahy
,Culver City
,Cypress Park
,Del Aire
,Del Rey
,Desert View Highlands
,Diamond Bar
,Downey
,Downtown
,Duarte
,Eagle Rock
,East Compton
,East Hollywood
,East La Mirada
,East Los Angeles
,East Pasadena
,East San Gabriel
,Echo Park
,Elizabeth Lake
,El Monte
,El Segundo
,El Sereno
,Elysian Park
,Elysian Valley
,Encino
,Exposition Park
,Fairfax
,Florence
,Florence-Firestone
,Gardena
,Glassell Park
,Glendale
,Glendora
,Gramercy Park
,Granada Hills
,Green Meadows
,Green Valley
,Griffith Park
,Hacienda Heights
,Hancock Park
,Hansen Dam
,Harbor City
,Harbor Gateway
,Harvard Heights
,Harvard Park
,Hasley Canyon
,Hawaiian Gardens
,Hawthorne
,Hermosa Beach
,Hidden Hills
,Highland Park
,Historic South-Central
,Hollywood
,Hollywood Hills
,Hollywood Hills West
,Huntington Park
,Hyde Park
,Industry
,Inglewood
,Irwindale
,Jefferson Park
,Koreatown
,La Cañada Flintridge
,La Crescenta-Montrose
,Ladera Heights
,La Habra Heights
,Lake Balboa
,Lake Hughes
,Lake Los Angeles
,Lake View Terrace
,Lakewood
,La Mirada
,Lancaster
,La Puente
,Larchmont
,La Verne
,Lawndale
,Leimert Park
,Lennox
,Leona Valley
,Lincoln Heights
,Littlerock
,Lomita
,Long Beach
,Lopez/Kagel Canyons
,Los Feliz
,Lynwood
,Malibu
,Manchester Square
,Manhattan Beach
,Marina del Rey
,Mar Vista
,Mayflower Village
,Maywood
,Mid-City
,Mid-Wilshire
,Mission Hills
,Monrovia
,Montebello
,Montecito Heights
,Monterey Park
,Mount Washington
,Northeast Antelope Valley
,North El Monte
,North Hills
,North Hollywood
,Northridge
,Northwest Antelope Valley
,Northwest Palmdale
,North Whittier
,Norwalk
,Pacific Palisades
,Pacoima
,Palmdale
,Palms
,Palos Verdes Estates
,Panorama City
,Paramount
,Pasadena
,Pico Rivera
,Pico-Robertson
,Pico-Union
,Playa del Rey
,Playa Vista
,Pomona
,Porter Ranch
,Quartz Hill
,Ramona
,Rancho Dominguez
,Rancho Palos Verdes
,Rancho Park
,Redondo Beach
,Reseda
,Ridge Route
,Rolling Hills
,Rolling Hills Estates
,Rosemead
,Rowland Heights
,San Dimas
,San Fernando
,San Gabriel
,San Marino
,San Pasqual
,San Pedro
,Santa Clarita
,Santa Fe Springs
,Santa Monica
,Sawtelle
,Sepulveda Basin
,Shadow Hills
,Sherman Oaks
,Sierra Madre
,Signal Hill
,Silver Lake
,South Diamond Bar
,Southeast Antelope Valley
,South El Monte
,South Gate
,South Park
,South Pasadena
,South San Gabriel
,South San Jose Hills
,South Whittier
,Stevenson Ranch
,Studio City
,Sunland
,Sun Valley
,Sun Village
,Sylmar
,Tarzana
,Temple City
,Toluca Lake
,Topanga
,Torrance
,Tujunga
,Tujunga Canyons
,Unincorporated Catalina Island
,Unincorporated Santa Monica Mountains
,Unincorporated Santa Susana Mountains
,Universal City
,University Park
,Valinda
,Valley Glen
,Valley Village
,Val Verde
,Van Nuys
,Venice
,Vermont Knolls
,Vermont-Slauson
,Vermont Square
,Vermont Vista
,Vernon
,Veterans Administration
,View Park-Windsor Hills
,Vincent
,Walnut
,Walnut Park
,Watts
,West Adams
,West Carson
,Westchester
,West Compton
,West Covina
,West Hills
,West Hollywood
,Westlake
,Westlake Village
,West Los Angeles
,Westmont
,West Puente Valley
,West San Dimas
,West Whittier-Los Nietos
,Westwood
,Whittier
,Whittier Narrows
,Willowbrook
,Wilmington
,Windsor Square
,Winnetka
,Woodland Hills
